<?xml version="1.0" encoding="UTF-8"?>
<project-private xmlns="http://www.netbeans.org/ns/project-private/1">
    <editor-bookmarks xmlns="http://www.netbeans.org/ns/editor-bookmarks/2" lastBookmarkId="0"/>
    <open-files xmlns="http://www.netbeans.org/ns/projectui-open-files/2">
        <group>
            <file>file:/D:/Code%20Java/OOP%20with%20JavaLab/SolvingEquation/src/Views/EquationView.java</file>
            <file>file:/D:/Code%20Java/OOP%20with%20JavaLab/SolvingEquation/src/Models/SuperlativeEquation.java</file>
            <file>file:/D:/Code%20Java/OOP%20with%20JavaLab/SolvingEquation/src/Models/Equation.java</file>
            <file>file:/D:/Code%20Java/OOP%20with%20JavaLab/SolvingEquation/src/Models/QuadraticEquation.java</file>
            <file>file:/D:/Code%20Java/OOP%20with%20JavaLab/SolvingEquation/src/Controllers/EquationControllers.java</file>
            <file>file:/D:/Code%20Java/OOP%20with%20JavaLab/SolvingEquation/src/Main/Main.java</file>
        </group>
    </open-files>
</project-private>
